sample_id,subject_id,collection_site,sample_type,collection_datetime,received_datetime,priority,consent_recorded,intake_temperature_c,operator_notes
SMP-2026-00001,SUBJ-0041,MIL_COL,serum,2026-01-19 08:30,2026/01/20 17:40,routine,TRUE,4.6,tube slightly hemolyzed
SMP-2026-00002,SUBJ-0015,MIL_COL,swab,2026-03-10 08:15,2026-03-13 07:55,routine,no,5.7,tube slightly hemolyzed
SMP-2026-00003,SUBJ-0014,NAP_COL,urine,2026/02/17 09:00,19/02/2026 11:00,routine,no,9.0,arrived late
SMP-2026-00004,SUBJ-0006,ROM_LAB,plasma,2026-03-16 12:30,2026-03-17 14:30,urgent,,4.1,barcode smudged
smp-2026-00005,SUBJ-0011,BOL_COL,plasma,21/02/2026 13:15,23/02/2026 01:15,routine,Y,5.5,barcode smudged
SMP-2026-00006,SUBJ-0054,NAP_COL,serum,2026/01/12 11:00,14/01/2026 05:40,routine,FALSE,3.0,ok
SMP-2026-00007,SUBJ-0030,BOL_COL,swab,2026-01-23 12:15,2026-01-24 21:35,urgent,Y,4.8,
SMP-2026-00008,SUBJ-0056,TOR_LAB,swab,19/01/2026 10:15,2026/01/21 18:15,routine,Y,6.9,manual correction needed
SMP-2026-00009,SUBJ-0049,MIL_COL,swab,2026/02/08 13:00,10/02/2026 04:40,routine,yes,4.8,ok
SMP-2026-00010,SUBJ-0020,BOL_COL,serum,2026-03-10 11:15,12/03/2026 12:25,routine,Y,4.2,manual correction needed
SMP-2026-00011,SUBJ-0006,MIL_COL,swab,2026/01/15 15:00,2026/01/18 13:10,research,Y,4.5,manual correction needed
 SMP-2026-00012 ,SUBJ-0049,BOL_COL,swab,30/01/2026 12:45,2026-02-01 14:25,routine,Y,5.2,tube slightly hemolyzed
SMP-2026-00013,SUBJ-0001,NAP_COL,serum,14/01/2026 08:15,2026-01-14 18:15,routine,Y,5.2,manual correction needed
SMP-2026-00014,SUBJ-0037,ROM_LAB,serum,06/03/2026 11:45,08/03/2026 17:55,routine,Y,6.1,
SMP-2026-00015,SUBJ-0026,BOL_COL,swab,17/02/2026 09:15,2026-02-18 11:25,routine,Y,1.2,manual correction needed
SMP-2026-00016,SUBJ-0054,TOR_LAB,swab,2026-01-06 09:15,2026-01-07 08:55,routine,Y,1.4,arrived late
SMP-2026-00017,SUBJ-0019,MIL_COL,serum,2026/02/28 16:45,28/02/2026 11:45,routine,Y,1.5,manual correction needed
SMP-2026-00018,SUBJ-0059,MIL_COL,serum,2026-03-13 10:00,16/03/2026 05:00,routine,N,2.9,manual correction needed
SMP-2026-00019,SUBJ-0006,NAP_COL,plasma,2026/02/27 16:30,01/03/2026 03:40,routine,Y,2.9,
SMP-2026-00020,SUBJ-0001,BOL_COL,urine,2026-03-04 09:00,2026-03-07 07:10,routine,Y,4.3,manual correction needed
SMP-2026-00021,SUBJ-0046,ROM_LAB,plasma,2026/02/12 16:00,2026/02/15 16:20,routine,TRUE,3.3,tube slightly hemolyzed
SMP-2026-00022,SUBJ-0046,NAP_COL,serum,17/02/2026 11:30,2026-02-20 06:10,routine,Y,5.4,ok
SMP-2026-00023,SUBJ-0029,MIL_COL,serum,2026-03-16 14:00,17/03/2026 06:00,urgent,Y,3.1,
SMP-2026-00024,SUBJ-0058,BOL_COL,swab,2026-02-19 11:15,2026-02-20 02:35,research,yes,5.9,arrived late
SMP-2026-00025,SUBJ-0052,ROM_LAB,swab,05/02/2026 12:15,06/02/2026 03:55,routine,no,1.9,tube slightly hemolyzed
SMP-2026-00026,SUBJ-0015,ROM_LAB,urine,2026/01/08 11:45,2026/01/10 08:05,routine,Y,4.3,barcode smudged
SMP-2026-00027,SUBJ-0012,NAP_COL,urine,2026-03-20 12:00,21/03/2026 03:40,routine,,6.3,
SMP-2026-00028,SUBJ-0046,ROM_LAB,urine,2026-03-01 08:15,2026/03/03 08:55,routine,N,7.3,ok
smp-2026-00029,SUBJ-0027,MIL_COL,swab,2026/02/15 14:30,2026-02-18 14:40,routine,Y,5.3,manual correction needed
SMP-2026-00030,SUBJ-0054,BOL_COL,urine,2026-01-05 12:30,2026/01/06 17:10,routine,Y,4.0,ok
SMP-2026-00031,SUBJ-0011,NAP_COL,plasma,2026-01-15 12:30,2026-01-16 01:40,urgent,Y,6.3,ok
SMP-2026-00032,SUBJ-0037,MIL_COL,serum,2026-01-29 14:45,31/01/2026 19:55,urgent,no,0.4,ok
SMP-2026-00033,SUBJ-0034,MIL_COL,swab,2026/03/05 08:15,06/03/2026 01:55,routine,,6.0,manual correction needed
SMP-2026-00034,SUBJ-0028,NAP_COL,plasma,2026/03/16 15:15,19/03/2026 05:55,urgent,Y,5.3,
SMP-2026-00035,SUBJ-0046,BOL_COL,serum,2026/02/10 11:30,2026-02-12 07:50,routine,Y,5.5,arrived late
SMP-2026-00036,SUBJ-0022,TOR_LAB,swab,2026/03/15 15:45,2026-03-16 00:55,research,Y,2.9,arrived late
SMP-2026-00037,SUBJ-0035,TOR_LAB,swab,2026/03/15 11:45,16/03/2026 18:05,routine,Y,9.1,tube slightly hemolyzed
SMP-2026-00038,SUBJ-0040,TOR_LAB,plasma,14/03/2026 08:45,14/03/2026 13:45,urgent,Y,3.8,barcode smudged
SMP-2026-00039,SUBJ-0049,TOR_LAB,serum,22/02/2026 12:45,2026-02-23 22:45,urgent,Y,6.9,ok
SMP-2026-00040,SUBJ-0003,MIL_COL,plasma,2026-01-08 11:15,08/01/2026 15:25,routine,Y,7.4,tube slightly hemolyzed
SMP-2026-00041,SUBJ-0039,NAP_COL,swab,2026-01-19 10:30,2026/01/20 01:30,routine,yes,6.4,
SMP-2026-00042,SUBJ-0045,NAP_COL,serum,12/02/2026 09:00,14/02/2026 07:40,routine,Y,7.2,ok
SMP-2026-00043,SUBJ-0010,TOR_LAB,swab,01/03/2026 10:30,2026-03-04 09:10,urgent,Y,6.4,arrived late
SMP-2026-00044,SUBJ-0037,MIL_COL,swab,22/02/2026 13:00,25/02/2026 06:20,routine,yes,8.7,barcode smudged
 SMP-2026-00045 ,SUBJ-0036,TOR_LAB,swab,06/01/2026 16:15,2026/01/07 04:25,routine,Y,6.0,
SMP-2026-00046,SUBJ-0006,BOL_COL,urine,11/02/2026 11:45,2026/02/12 21:05,routine,Y,5.0,arrived late
SMP-2026-00047,SUBJ-0018,NAP_COL,serum,2026/02/13 12:15,2026-02-14 05:25,urgent,FALSE,1.2,barcode smudged
SMP-2026-00048,SUBJ-0047,NAP_COL,plasma,2026/03/21 16:30,2026/03/22 06:40,routine,Y,2.9,tube slightly hemolyzed
SMP-2026-00049,SUBJ-0041,TOR_LAB,swab,08/03/2026 09:00,09/03/2026 23:40,routine,,4.7,ok
SMP-2026-00050,SUBJ-0004,ROM_LAB,swab,2026-01-24 10:30,2026/01/24 22:40,routine,yes,0.8,barcode smudged
SMP-2026-00051,SUBJ-0056,MIL_COL,plasma,2026-03-21 14:30,2026-03-21 23:30,routine,Y,5.0,arrived late
SMP-2026-00052,SUBJ-0029,NAP_COL,swab,06/03/2026 12:00,2026/03/07 19:20,routine,Y,6.2,tube slightly hemolyzed
SMP-2026-00053,SUBJ-0028,MIL_COL,serum,2026/01/19 16:15,2026/01/20 13:35,routine,yes,4.4,barcode smudged
SMP-2026-00054,SUBJ-0045,BOL_COL,serum,2026/02/25 12:45,27/02/2026 22:45,urgent,yes,8.7,manual correction needed
SMP-2026-00055,SUBJ-0002,NAP_COL,plasma,08/02/2026 08:15,2026-02-10 22:55,research,Y,4.6,barcode smudged
SMP-2026-00056,SUBJ-0043,NAP_COL,swab,18/01/2026 10:30,2026-01-20 17:10,urgent,Y,4.0,arrived late
SMP-2026-00057,SUBJ-0056,MIL_COL,urine,11/03/2026 08:45,2026-03-13 14:45,routine,Y,2.8,barcode smudged
SMP-2026-00058,SUBJ-0029,NAP_COL,serum,2026-03-08 09:00,09/03/2026 17:10,routine,Y,2.6,arrived late
SMP-2026-00059,SUBJ-0054,TOR_LAB,plasma,2026-03-07 15:15,2026-03-10 03:25,research,Y,1.5,arrived late
SMP-2026-00060,SUBJ-0022,BOL_COL,swab,10/03/2026 12:00,12/03/2026 02:20,urgent,Y,2.6,arrived late
SMP-2026-00061,SUBJ-0030,TOR_LAB,serum,15/02/2026 11:15,17/02/2026 14:25,routine,Y,5.4,
SMP-2026-00062,SUBJ-0009,BOL_COL,swab,2026/03/10 13:00,2026-03-12 23:00,routine,Y,2.9,arrived late
SMP-2026-00063,SUBJ-0042,BOL_COL,serum,2026/01/15 13:45,17/01/2026 08:25,routine,Y,4.6,ok
SMP-2026-00064,SUBJ_0064,ROM_LAB,urine,17/01/2026 15:15,19/01/2026 07:15,urgent,Y,2.5,manual correction needed
SMP-2026-00065,SUBJ-0044,BOL_COL,plasma,2026-01-28 10:15,28/01/2026 22:55,routine,Y,5.6,ok
SMP-2026-00066,SUBJ-0001,NAP_COL,urine,05/03/2026 12:15,05/03/2026 23:55,routine,Y,6.1,arrived late
SMP-2026-00067,SUBJ-0055,BOL_COL,urine,2026/03/07 09:15,09/03/2026 11:35,research,Y,3.2,ok
SMP-2026-00068,SUBJ-0050,MIL_COL,plasma,2026/01/11 15:30,2026/01/12 22:50,routine,N,5.4,
SMP-2026-00069,SUBJ-0058,MIL_COL,serum,10/01/2026 12:45,2026-01-10 19:05,research,Y,0.5,barcode smudged
SMP-2026-00070,SUBJ-0034,NAP_COL,urine,2026-03-10 12:15,2026-03-11 22:55,urgent,Y,5.8,ok
SMP-2026-00071,SUBJ-0047,ROM_LAB,urine,2026/02/24 16:30,2026/02/25 06:10,routine,Y,6.1,ok
SMP-2026-00072,SUBJ-0024,BOL_COL,plasma,18/01/2026 11:45,2026/01/18 17:05,routine,N,3.8,tube slightly hemolyzed
SMP-2026-00073,SUBJ-0003,BOL_COL,plasma,2026/01/09 12:45,2026/01/09 08:45,routine,Y,7.2,ok
SMP-2026-00074,SUBJ-0047,NAP_COL,serum,24/01/2026 14:00,2026-01-27 06:40,routine,Y,6.1,ok
SMP-2026-00075,SUBJ-0023,TOR_LAB,serum,2026/01/12 14:30,2026-01-13 16:30,routine,N,2.7,tube slightly hemolyzed
SMP-2026-00076,SUBJ-0051,BOL_COL,plasma,2026-03-18 11:00,2026/03/21 11:10,urgent,Y,3.5,barcode smudged
SMP-2026-00077,SUBJ-0052,NAP_COL,plasma,27/01/2026 09:00,2026-01-28 03:00,routine,Y,2.8,
SMP-2026-00078,SUBJ-0048,TOR_LAB,plasma,2026/01/13 15:45,2026/01/15 15:45,research,Y,3.1,
SMP-2026-00079,SUBJ-0004,TOR_LAB,serum,2026-03-07 14:45,2026-03-08 06:25,urgent,Y,1.7,manual correction needed
SMP-2026-00080,SUBJ-0036,ROM_LAB,serum,2026/02/15 14:30,2026/02/18 03:10,urgent,N,6.8,tube slightly hemolyzed
SMP-2026-00081,SUBJ-0027,NAP_COL,swab,2026-02-17 15:45,2026/02/19 22:45,routine,Y,7.0,manual correction needed
SMP-2026-00082,SUBJ-0036,TOR_LAB,serum,17/03/2026 13:00,2026-03-19 19:20,research,N,5.1,ok
SMP-2026-00083,SUBJ-0031,NAP_COL,plasma,2026/02/02 09:30,2026/02/04 10:30,urgent,no,6.0,manual correction needed
SMP-2026-00084,SUBJ-0060,NAP_COL,urine,2026/02/08 08:15,2026/02/09 20:35,routine,no,4.4,ok
SMP-2026-00085,SUBJ-0002,TOR_LAB,urine,16/01/2026 16:15,2026/01/18 18:55,routine,Y,7.3,tube slightly hemolyzed
SMP-2026-00086,SUBJ-0011,TOR_LAB,swab,2026/01/11 09:30,2026-01-13 20:10,routine,Y,4.3,ok
SMP-2026-00087,SUBJ-0044,TOR_LAB,serum,2026-03-21 15:30,2026-03-21 22:40,routine,Y,5.9,
smp-2026-00088,SUBJ-0001,BOL_COL,plasma,09/03/2026 14:15,2026-03-10 08:55,routine,no,3.6,arrived late
SMP-2026-00089,SUBJ-0002,TOR_LAB,urine,04/03/2026 09:30,2026-03-06 18:10,routine,Y,7.2,ok
SMP-2026-00090,SUBJ-0059,TOR_LAB,swab,20/02/2026 09:45,2026/02/21 00:55,routine,Y,4.1,tube slightly hemolyzed
SMP-2026-00091,SUBJ-0005,MIL_COL,plasma,2026-03-11 09:15,2026/03/13 07:35,routine,Y,5.5,manual correction needed
SMP-2026-00092,SUBJ-0049,TOR_LAB,serum,20/03/2026 15:30,2026/03/22 09:40,routine,N,2.0,barcode smudged
SMP-2026-00093,mario.rossi@example.com,ROM_LAB,serum,03/03/2026 08:00,2026/03/05 09:20,routine,Y,5.6,
SMP-2026-00094,SUBJ-0029,ROM_LAB,swab,19/03/2026 11:30,2026/03/22 01:40,routine,TRUE,1.2,
SMP-2026-00095,SUBJ-0016,NAP_COL,swab,2026/03/02 15:15,2026-03-04 15:35,routine,Y,7.3,
SMP-2026-00096,SUBJ-0022,BOL_COL,plasma,2026-01-17 16:45,19/01/2026 07:05,routine,Y,3.1,ok
SMP-2026-00097,SUBJ-0026,MIL_COL,serum,21/01/2026 09:30,2026-01-23 11:50,routine,Y,4.3,tube slightly hemolyzed
SMP-2026-00098,SUBJ-0022,ROM_LAB,urine,2026/03/08 11:15,2026/03/09 06:25,urgent,Y,,tube slightly hemolyzed
SMP-2026-00099,SUBJ-0039,TOR_LAB,serum,2026-02-22 10:15,23/02/2026 11:25,routine,N,6.2,arrived late
SMP-2026-00100,SUBJ-0015,NAP_COL,swab,14/03/2026 11:30,2026/03/17 01:40,routine,Y,7.3,tube slightly hemolyzed
SMP-2026-00101,SUBJ-0052,BOL_COL,serum,2026-01-22 12:00,25/01/2026 03:20,urgent,Y,4.5,arrived late
SMP-2026-00102,SUBJ-0006,ROM_LAB,swab,2026-02-02 15:30,02/02/2026 21:10,routine,Y,3.6,
SMP-2026-00103,SUBJ-0054,TOR_LAB,plasma,2026/02/16 10:15,2026-02-16 16:35,urgent,Y,3.8,ok
SMP-2026-00104,SUBJ-0039,NAP_COL,serum,2026/03/13 14:00,15/03/2026 04:10,routine,Y,4.8,ok
SMP-2026-00105,SUBJ-0033,ROM_LAB,urine,2026/03/19 11:15,2026/03/21 02:55,routine,Y,2.0,manual correction needed
SMP-2026-00106,SUBJ-0051,ROM_LAB,swab,2026-03-10 16:00,12/03/2026 19:40,research,Y,6.2,ok
SMP-2026-00107,SUBJ-0043,BOL_COL,urine,2026/01/18 13:15,18/01/2026 20:35,urgent,Y,7.6,tube slightly hemolyzed
SMP-2026-00108,SUBJ-0052,MIL_COL,serum,22/01/2026 09:45,22/01/2026 16:05,urgent,TRUE,9.2,manual correction needed
SMP-2026-00109,SUBJ-0031,ROM_LAB,urine,06/02/2026 08:15,07/02/2026 22:35,routine,yes,4.8,manual correction needed
SMP-2026-00110,SUBJ-0018,BOL_COL,urine,2026/01/15 14:00,17/01/2026 23:10,routine,Y,3.3,arrived late
SMP-2026-00111,SUBJ-0011,BOL_COL,swab,2026-03-02 13:45,2026-03-02 21:05,routine,,5.7,manual correction needed
SMP-2026-00112,SUBJ-0052,MIL_COL,serum,25/01/2026 08:15,27/01/2026 18:15,routine,N,2.9,barcode smudged
SMP-2026-00113,SUBJ-0024,TOR_LAB,urine,2026-03-02 09:15,2026-03-05 06:35,routine,Y,6.3,arrived late
SMP-2026-00114,SUBJ-0059,MIL_COL,urine,2026-03-17 09:30,2026-03-18 21:10,routine,,1.3,
SMP-2026-00115,SUBJ-0052,NAP_COL,plasma,2026/02/14 13:00,2026-02-17 13:20,urgent,TRUE,6.6,
SMP-2026-00116,SUBJ-0013,BOL_COL,urine,2026-01-22 11:45,2026/01/22 17:05,routine,,3.7,arrived late
SMP-2026-00117,SUBJ-0034,ROM_LAB,swab,2026-02-26 14:00,2026/02/27 08:20,routine,Y,5.3,tube slightly hemolyzed
SMP-2026-00118,SUBJ-0028,NAP_COL,plasma,2026-03-10 08:00,13/03/2026 04:10,routine,FALSE,7.7,barcode smudged
SMP-2026-00119,SUBJ-0055,MIL_COL,urine,2026/01/15 12:15,2026-01-18 12:35,routine,Y,5.5,tube slightly hemolyzed
SMP-2026-00120,SUBJ-0043,BOL_COL,urine,17/02/2026 08:00,2026/02/17 20:00,routine,yes,5.7,ok
SMP-2026-00121,SUBJ-0035,NAP_COL,swab,11/02/2026 12:45,12/02/2026 22:25,routine,Y,4.7,manual correction needed
SMP-2026-00122,SUBJ-0010,BOL_COL,serum,14/02/2026 13:30,14/02/2026 07:30,routine,Y,3.9,barcode smudged
SMP-2026-00123,SUBJ-0025,MIL_COL,plasma,27/02/2026 11:15,01/03/2026 06:35,routine,Y,4.8,arrived late
SMP-2026-00124,SUBJ-0033,ROM_LAB,urine,2026/03/04 11:15,2026/03/06 10:15,routine,TRUE,4.6,
SMP-2026-00125,SUBJ-0028,ROM_LAB,swab,22/01/2026 12:30,2026/01/24 17:50,routine,Y,3.7,arrived late
SMP-2026-00126,SUBJ-0049,TOR_LAB,urine,16/03/2026 12:00,2026-03-17 06:00,urgent,Y,2.9,manual correction needed
SMP-2026-00127,SUBJ-0003,BOL_COL,swab,2026-01-10 08:15,12/01/2026 04:55,routine,TRUE,6.8,arrived late
SMP-2026-00128,SUBJ-0040,ROM_LAB,urine,12/02/2026 13:45,2026/02/14 06:25,routine,Y,7.9,manual correction needed
SMP-2026-00129,SUBJ-0031,BOL_COL,swab,2026-02-07 11:00,2026/02/10 02:10,routine,yes,2.6,tube slightly hemolyzed
SMP-2026-00130,SUBJ-0027,BOL_COL,plasma,31/01/2026 14:45,2026/01/31 23:55,routine,,4.5,manual correction needed
SMP-2026-00131,SUBJ-0023,BOL_COL,urine,07/02/2026 15:15,09/02/2026 00:35,routine,,6.8,arrived late
SMP-2026-00132,SUBJ-0021,BOL_COL,swab,07/03/2026 13:30,2026-03-09 03:30,urgent,Y,3.9,ok
SMP-2026-00133,SUBJ-0006,MIL_COL,urine,2026-02-18 15:30,2026-02-21 06:40,research,yes,5.7,tube slightly hemolyzed
SMP-2026-00134,SUBJ-0004,TOR_LAB,urine,2026-03-13 11:15,2026-03-13 19:15,urgent,Y,1.8,arrived late
SMP-2026-00135,SUBJ-0031,UNKNOWN,plasma,2026-01-30 12:30,2026-02-01 02:30,routine,yes,3.2,
SMP-2026-00136,SUBJ-0054,ROM_LAB,urine,24/02/2026 15:15,26/02/2026 06:15,routine,Y,4.4,manual correction needed
SMP-2026-00137,SUBJ-0032,ROM_LAB,urine,22/01/2026 16:45,2026/01/24 04:55,routine,Y,1.1,barcode smudged
SMP-2026-00138,SUBJ-0037,ROM_LAB,swab,2026-01-29 10:45,31/01/2026 19:05,routine,Y,4.1,barcode smudged
SMP-2026-00139,SUBJ-0025,BOL_COL,serum,2026-02-04 15:30,2026-02-06 11:50,routine,Y,5.8,tube slightly hemolyzed
SMP-2026-00140,SUBJ-0026,BOL_COL,plasma,2026-03-10 12:00,12/03/2026 03:20,routine,Y,6.7,arrived late
SMP-2026-00141,SUBJ-0045,BOL_COL,swab,2026/03/16 15:15,2026-03-18 00:15,routine,Y,1.8,manual correction needed
SMP-2026-00142,SUBJ-0013,BOL_COL,swab,2026/03/19 16:15,20/03/2026 15:35,routine,Y,2.2,
SMP-2026-00143,SUBJ-0030,BOL_COL,swab,2026-01-21 16:45,24/01/2026 04:45,routine,Y,3.9,arrived late
SMP-2026-00144,SUBJ-0023,ROM_LAB,urine,2026/01/13 16:00,2026/01/14 02:40,routine,yes,5.6,arrived late
SMP-2026-00145,SUBJ-0029,NAP_COL,serum,2026/02/22 14:00,2026-02-25 13:10,routine,Y,5.7,
SMP-2026-00146,SUBJ-0049,BOL_COL,swab,07/01/2026 12:45,2026-01-10 12:25,urgent,Y,5.6,ok
SMP-2026-00147,SUBJ-0027,BOL_COL,serum,2026-01-07 11:15,2026-01-07 21:15,routine,N,6.0,tube slightly hemolyzed
SMP-2026-00148,SUBJ-0035,MIL_COL,urine,01/02/2026 08:15,2026-02-04 02:35,routine,yes,4.1,ok
SMP-2026-00149,SUBJ-0034,BOL_COL,plasma,02/02/2026 14:30,2026-02-04 03:30,routine,Y,7.3,barcode smudged
SMP-2026-00150,SUBJ-0045,MIL_COL,swab,2026/02/27 14:15,2026-03-01 06:55,routine,Y,10.8,manual correction needed
SMP-2026-00022,SUBJ-0046,NAP_COL,serum,17/02/2026 11:30,2026-02-20 06:10,routine,Y,5.4,duplicate row from manual export
SMP -2026-00081,SUBJ-0027,NAP_COL,swab,2026-02-17 15:45,2026/02/19 22:45,routine,Y,7.0,same sample with spacing problem
